{"cameraMode":{"drawMode":0,"name":"Shaded","section":"Shading Mode"},"sceneLighting":false,"audioPlay":false,"sceneViewState":{"m_AlwaysRefresh":false,"showFog":true,"showSkybox":false,"showFlares":true,"showImageEffects":true,"showParticleSystems":true,"showVisualEffectGraphs":true,"m_FxEnabled":true},"in2DMode":false,"pivot":{"x":9.847119331359864,"y":-2.2961320877075197,"z":-3.1685900688171388},"rotation":{"x":0.025368379428982736,"y":0.7787737250328064,"z":-0.031557533890008929,"w":0.6260514259338379},"size":5.737762451171875,"orthographic":true}