{"cameraMode":{"drawMode":0,"name":"Shaded","section":"Shading Mode"},"sceneLighting":true,"audioPlay":false,"sceneViewState":{"m_AlwaysRefresh":false,"showFog":true,"showSkybox":true,"showFlares":true,"showImageEffects":true,"showParticleSystems":true,"showVisualEffectGraphs":true,"m_FxEnabled":true},"in2DMode":false,"pivot":{"x":11.095887184143067,"y":-2.1419568061828615,"z":-4.117979049682617},"rotation":{"x":-0.01956040970981121,"y":-0.9566322565078735,"z":0.06611323356628418,"w":-0.2830809950828552},"size":14.032852172851563,"orthographic":true}