{"cameraMode":{"drawMode":0,"name":"Shaded","section":"Shading Mode"},"sceneLighting":true,"audioPlay":false,"sceneViewState":{"m_AlwaysRefresh":false,"showFog":true,"showSkybox":true,"showFlares":true,"showImageEffects":true,"showParticleSystems":true,"showVisualEffectGraphs":true,"m_FxEnabled":true},"in2DMode":false,"pivot":{"x":-1.6498231887817383,"y":1.0644950866699219,"z":-12.871368408203125},"rotation":{"x":-0.014118405990302563,"y":0.9193530082702637,"z":-0.03310795873403549,"w":-0.3918305039405823},"size":12.12435531616211,"orthographic":true}