{"cameraMode":{"drawMode":0,"name":"Shaded","section":"Shading Mode"},"sceneLighting":false,"audioPlay":false,"sceneViewState":{"m_AlwaysRefresh":false,"showFog":true,"showSkybox":false,"showFlares":true,"showImageEffects":true,"showParticleSystems":true,"showVisualEffectGraphs":true,"m_FxEnabled":true},"in2DMode":false,"pivot":{"x":-0.16670730710029603,"y":-0.8818876147270203,"z":-13.90868854522705},"rotation":{"x":0.05511749908328056,"y":-0.9447470307350159,"z":0.23721182346343995,"w":0.21950887143611909},"size":1.5058825016021729,"orthographic":false}