{"cameraMode":{"drawMode":0,"name":"Shaded","section":"Shading Mode"},"sceneLighting":false,"audioPlay":false,"sceneViewState":{"m_AlwaysRefresh":false,"showFog":true,"showSkybox":false,"showFlares":true,"showImageEffects":true,"showParticleSystems":true,"showVisualEffectGraphs":true,"m_FxEnabled":true},"in2DMode":false,"pivot":{"x":-1.9460258483886719,"y":11.110708236694336,"z":0.5729637145996094},"rotation":{"x":0.002070476533845067,"y":0.7236591577529907,"z":0.002170952968299389,"w":-0.6901538372039795},"size":73.83248901367188,"orthographic":true}